{
	"class_name" : "PinholeCameraParameters",
	"extrinsic" : 
	[
		0.24794672777101931,
		0.66315755637096674,
		-0.70621843335878187,
		0.0,
		0.011216844533750422,
		-0.73089817252091049,
		-0.682394346257572,
		0.0,
		-0.96870872948804887,
		0.16127590283015467,
		-0.18866234542157267,
		0.0,
		1.2212345577617967,
		-0.30932976634568937,
		5.0957712396581192,
		1.0
	],
	"intrinsic" : 
	{
		"height" : 1080,
		"intrinsic_matrix" : 
		[
			935.30743608719376,
			0.0,
			0.0,
			0.0,
			935.30743608719376,
			0.0,
			959.5,
			539.5,
			1.0
		],
		"width" : 1920
	},
	"version_major" : 1,
	"version_minor" : 0
}