{
	"class_name" : "PinholeCameraParameters",
	"extrinsic" : 
	[
		0.13637517427602999,
		0.72610376506625685,
		-0.67392516958323256,
		0.0,
		0.017785037119153118,
		-0.68196571196436873,
		-0.73116787412987605,
		0.0,
		-0.99049760438673096,
		0.087727362102926837,
		-0.10591697523347783,
		0.0,
		1.2515640357290669,
		-0.21120094558375818,
		4.7145917268259732,
		1.0
	],
	"intrinsic" : 
	{
		"height" : 1080,
		"intrinsic_matrix" : 
		[
			935.30743608719376,
			0.0,
			0.0,
			0.0,
			935.30743608719376,
			0.0,
			959.5,
			539.5,
			1.0
		],
		"width" : 1920
	},
	"version_major" : 1,
	"version_minor" : 0
}