{
    "object_name": "object_001",
    "object_file": "object_001.ply",
    "source_cluster_label": 0,
    "point_count": 8043,
    "has_colors": true,
    "coordinate_system": "same_as_input_point_cloud",
    "note": "All saved x, y, z coordinates are kept in the original input point cloud coordinate system. No centering or normalization is applied.",
    "point_min_bound": {
        "x": 1.06657,
        "y": -1.19789,
        "z": 1.81277
    },
    "point_max_bound": {
        "x": 1.82193,
        "y": -0.491929,
        "z": 2.63183
    },
    "point_mean_center": {
        "x": 1.403972959094861,
        "y": -0.732688195449461,
        "z": 2.160653625512875
    },
    "point_extent": {
        "x": 0.75536,
        "y": 0.7059609999999998,
        "z": 0.8190599999999999
    },
    "bbox_center": {
        "x": 1.44425,
        "y": -0.8449095,
        "z": 2.2222999999999997
    },
    "bbox_extent": {
        "x": 0.75536,
        "y": 0.7059609999999998,
        "z": 0.8190599999999999
    }
}