{
    "object_name": "object_010",
    "object_file": "object_010.ply",
    "source_cluster_label": 9,
    "point_count": 243,
    "has_colors": true,
    "coordinate_system": "same_as_input_point_cloud",
    "note": "All saved x, y, z coordinates are kept in the original input point cloud coordinate system. No centering or normalization is applied.",
    "point_min_bound": {
        "x": 0.945568,
        "y": 0.597012,
        "z": -0.159767
    },
    "point_max_bound": {
        "x": 1.10602,
        "y": 0.735696,
        "z": -0.0142801
    },
    "point_mean_center": {
        "x": 1.0231230493827161,
        "y": 0.674634502057613,
        "z": -0.07806774115226339
    },
    "point_extent": {
        "x": 0.16045200000000004,
        "y": 0.13868400000000003,
        "z": 0.1454869
    },
    "bbox_center": {
        "x": 1.0257939999999999,
        "y": 0.666354,
        "z": -0.08702354999999999
    },
    "bbox_extent": {
        "x": 0.16045200000000004,
        "y": 0.13868400000000003,
        "z": 0.1454869
    }
}