{
    "object_name": "object_010",
    "object_file": "object_010.ply",
    "source_cluster_label": 9,
    "point_count": 563,
    "has_colors": true,
    "coordinate_system": "same_as_input_point_cloud",
    "note": "All saved x, y, z coordinates are kept in the original input point cloud coordinate system. No centering or normalization is applied.",
    "point_min_bound": {
        "x": 0.0369714,
        "y": -1.22984,
        "z": -1.49238
    },
    "point_max_bound": {
        "x": 0.288001,
        "y": -1.05428,
        "z": -1.25222
    },
    "point_mean_center": {
        "x": 0.15035201296625214,
        "y": -1.1483361278863244,
        "z": -1.3448138543516872
    },
    "point_extent": {
        "x": 0.2510296,
        "y": 0.17555999999999994,
        "z": 0.24015999999999993
    },
    "bbox_center": {
        "x": 0.1624862,
        "y": -1.14206,
        "z": -1.3723
    },
    "bbox_extent": {
        "x": 0.2510296,
        "y": 0.17555999999999994,
        "z": 0.24015999999999993
    }
}