{
    "object_name": "object_001",
    "object_file": "object_001.ply",
    "source_cluster_label": 0,
    "point_count": 22576,
    "has_colors": true,
    "coordinate_system": "same_as_input_point_cloud",
    "note": "All saved x, y, z coordinates are kept in the original input point cloud coordinate system. No centering or normalization is applied.",
    "point_min_bound": {
        "x": -0.486725,
        "y": -1.27276,
        "z": 1.18583
    },
    "point_max_bound": {
        "x": 0.664915,
        "y": -0.232227,
        "z": 2.56462
    },
    "point_mean_center": {
        "x": 0.16163574712526504,
        "y": -0.6503267538536504,
        "z": 2.0346268745570466
    },
    "point_extent": {
        "x": 1.15164,
        "y": 1.040533,
        "z": 1.3787900000000002
    },
    "bbox_center": {
        "x": 0.08909500000000001,
        "y": -0.7524934999999999,
        "z": 1.875225
    },
    "bbox_extent": {
        "x": 1.15164,
        "y": 1.040533,
        "z": 1.3787900000000002
    }
}