{
    "coordinate_system": "same_as_input_point_cloud",
    "note": "OBJ vertex coordinates are saved in the original point cloud coordinate system. No centering is applied when CENTER_OBJECT is False.",
    "center_object": false,
    "voxel_size": 0.01,
    "color_levels": 8,
    "input_point_count": 180,
    "voxel_count": 180,
    "obj_vertex_count": 3872,
    "obj_triangle_count": 1936,
    "material_count": 10,
    "has_color": true,
    "voxel_grid_origin": {
        "x": -0.119046,
        "y": -1.0887499999999999,
        "z": 1.0767600000000002
    },
    "original_point_min_bound": {
        "x": -0.114046,
        "y": -1.08375,
        "z": 1.08176
    },
    "original_point_max_bound": {
        "x": 0.11845,
        "y": -0.961007,
        "z": 1.23056
    },
    "original_point_mean_center": {
        "x": 0.007566549961111114,
        "y": -1.0172819555555555,
        "z": 1.1483816111111116
    },
    "original_point_extent": {
        "x": 0.23249599999999998,
        "y": 0.12274300000000005,
        "z": 0.14880000000000004
    },
    "obj_mesh_min_bound": {
        "x": -0.119046,
        "y": -1.0887499999999999,
        "z": 1.0767600000000002
    },
    "obj_mesh_max_bound": {
        "x": 0.120954,
        "y": -0.9587499999999999,
        "z": 1.23676
    },
    "obj_mesh_mean_center": {
        "x": 0.007565570247933911,
        "y": -1.0176033057851348,
        "z": 1.1477620661156964
    },
    "obj_mesh_extent": {
        "x": 0.24,
        "y": 0.13,
        "z": 0.15999999999999992
    },
    "source_ply": "0510_room\\ply\\detected_objects\\object_014.ply",
    "output_obj": "0510_room\\ply\\detected_objects\\obj_models\\object_014_voxel.obj",
    "output_mtl": "0510_room\\ply\\detected_objects\\obj_models\\object_014_voxel.mtl"
}