{
    "coordinate_system": "same_as_input_point_cloud",
    "note": "OBJ vertex coordinates are saved in the original point cloud coordinate system. No centering is applied when CENTER_OBJECT is False.",
    "center_object": false,
    "voxel_size": 0.01,
    "color_levels": 8,
    "input_point_count": 2652,
    "voxel_count": 2639,
    "obj_vertex_count": 58416,
    "obj_triangle_count": 29208,
    "material_count": 28,
    "has_color": true,
    "voxel_grid_origin": {
        "x": -1.1477,
        "y": -1.2712899999999998,
        "z": 0.941206
    },
    "original_point_min_bound": {
        "x": -1.1427,
        "y": -1.26629,
        "z": 0.946206
    },
    "original_point_max_bound": {
        "x": -0.86887,
        "y": -0.562564,
        "z": 1.33161
    },
    "original_point_mean_center": {
        "x": -0.9803428793363518,
        "y": -0.8675062149321259,
        "z": 1.1328480757918586
    },
    "original_point_extent": {
        "x": 0.27383,
        "y": 0.703726,
        "z": 0.38540399999999997
    },
    "obj_mesh_min_bound": {
        "x": -1.1477,
        "y": -1.2712899999999998,
        "z": 0.941206
    },
    "obj_mesh_max_bound": {
        "x": -0.8676999999999999,
        "y": -0.5612899999999997,
        "z": 1.341206
    },
    "obj_mesh_mean_center": {
        "x": -0.9815879758970273,
        "y": -0.8661455190358345,
        "z": 1.134314737332168
    },
    "obj_mesh_extent": {
        "x": 0.28,
        "y": 0.7100000000000001,
        "z": 0.3999999999999999
    },
    "source_ply": "0510_room\\ply\\detected_objects\\object_006.ply",
    "output_obj": "0510_room\\ply\\detected_objects\\obj_models\\object_006_voxel.obj",
    "output_mtl": "0510_room\\ply\\detected_objects\\obj_models\\object_006_voxel.mtl"
}