{
    "coordinate_system": "same_as_input_point_cloud",
    "note": "OBJ vertex coordinates are saved in the original point cloud coordinate system. No centering is applied when CENTER_OBJECT is False.",
    "center_object": false,
    "voxel_size": 0.01,
    "color_levels": 8,
    "input_point_count": 4907,
    "voxel_count": 4894,
    "obj_vertex_count": 104944,
    "obj_triangle_count": 52472,
    "material_count": 59,
    "has_color": true,
    "voxel_grid_origin": {
        "x": -0.785758,
        "y": -1.2233399999999999,
        "z": 0.311677
    },
    "original_point_min_bound": {
        "x": -0.780758,
        "y": -1.21834,
        "z": 0.316677
    },
    "original_point_max_bound": {
        "x": -0.326694,
        "y": -0.167185,
        "z": 0.865947
    },
    "original_point_mean_center": {
        "x": -0.5895358434888932,
        "y": -0.6719789947014477,
        "z": 0.6220670022416932
    },
    "original_point_extent": {
        "x": 0.45406399999999997,
        "y": 1.051155,
        "z": 0.54927
    },
    "obj_mesh_min_bound": {
        "x": -0.785758,
        "y": -1.2233399999999999,
        "z": 0.311677
    },
    "obj_mesh_max_bound": {
        "x": -0.32575799999999994,
        "y": -0.16333999999999982,
        "z": 0.871677
    },
    "obj_mesh_mean_center": {
        "x": -0.5898447510290924,
        "y": -0.6712566031407647,
        "z": 0.6224294012806586
    },
    "obj_mesh_extent": {
        "x": 0.46,
        "y": 1.06,
        "z": 0.56
    },
    "source_ply": "0510_room\\ply\\detected_objects\\object_007.ply",
    "output_obj": "0510_room\\ply\\detected_objects\\obj_models\\object_007_voxel.obj",
    "output_mtl": "0510_room\\ply\\detected_objects\\obj_models\\object_007_voxel.mtl"
}