{
    "coordinate_system": "same_as_input_point_cloud",
    "note": "OBJ vertex coordinates are saved in the original point cloud coordinate system. No centering is applied when CENTER_OBJECT is False.",
    "center_object": false,
    "voxel_size": 0.01,
    "color_levels": 8,
    "input_point_count": 2965,
    "voxel_count": 2962,
    "obj_vertex_count": 63832,
    "obj_triangle_count": 31916,
    "material_count": 20,
    "has_color": true,
    "voxel_grid_origin": {
        "x": -0.902149,
        "y": -0.468003,
        "z": 2.0089900000000003
    },
    "original_point_min_bound": {
        "x": -0.897149,
        "y": -0.463003,
        "z": 2.01399
    },
    "original_point_max_bound": {
        "x": -0.482826,
        "y": -0.0232384,
        "z": 2.51096
    },
    "original_point_mean_center": {
        "x": -0.7088621038785843,
        "y": -0.24828343514333856,
        "z": 2.2748289679595275
    },
    "original_point_extent": {
        "x": 0.414323,
        "y": 0.4397646,
        "z": 0.4969699999999997
    },
    "obj_mesh_min_bound": {
        "x": -0.902149,
        "y": -0.468003,
        "z": 2.0089900000000003
    },
    "obj_mesh_max_bound": {
        "x": -0.48214899999999994,
        "y": -0.018002999999999998,
        "z": 2.51899
    },
    "obj_mesh_mean_center": {
        "x": -0.7073971513974082,
        "y": -0.24707055232485928,
        "z": 2.275601730793244
    },
    "obj_mesh_extent": {
        "x": 0.42000000000000004,
        "y": 0.45,
        "z": 0.5099999999999998
    },
    "source_ply": "0510_room\\ply\\detected_objects\\object_008.ply",
    "output_obj": "0510_room\\ply\\detected_objects\\obj_models\\object_008_voxel.obj",
    "output_mtl": "0510_room\\ply\\detected_objects\\obj_models\\object_008_voxel.mtl"
}